{
  "hosts" : [
    {
      "name" : "Server1Host",
      "address" : "tcp://127.0.0.1:3333"
    },
    {
      "name" : "Server2Host",
      "address" : "tcp://127.0.0.1:2222"
    },
    {
      "name" : "DefaultHost",
      "address" : "tcp://127.0.0.1:1111"
    }
  ],
  
  "controllers" : [
    {
      "name" : "Server1Controller",
      "host" : "Server1Host"
    },
    {
      "name" : "Server2Controller",
      "host" : "Server2Host"
    },  
    {
      "name" : "DefaultController",
      "host" : "DefaultHost"
    }
  ],
  
  "capsules" : [
    {
      "name" : "Debug__Top",
      "controller" : "DefaultController"
    },
    {
      "name" : "Debug__Top.Debug__Top",
      "controller" : "DefaultController"
    },
    {
      "name" : "Debug__Top.Debug__Top.pinger",
      "controller" : "Server1Controller"
    },
    {
      "name" : "Debug__Top.Debug__Top.ponger",
      "controller" : "Server2Controller"
    },
    {
      "name" : "Debug__Top.Debug__Gateway",
      "controller" : "DefaultController"
    }
  ]
}


